-- =============================================================================
-- SCRIPT DE INSERÇÃO DE DADOS (DML) - ECOSSISTEMA CHRONOSDTN
-- PROPÓSITO: Popular a base com 86 registros de teste simulando a rede espacial.
-- AUTOR: Arquiteto de Sistemas Principal & Engenheiro de Software Sênior
-- =============================================================================

-- Limpa registros existentes para permitir reinicialização do script de testes
DELETE FROM TB_CHRONOS_SYNC_LOG;
DELETE FROM TB_CHRONOS_TRANSACTION;
DELETE FROM TB_CHRONOS_BUNDLE;
DELETE FROM TB_CHRONOS_ACCOUNT;
DELETE FROM TB_CHRONOS_LINK;
DELETE FROM TB_CHRONOS_NODE;

-- =============================================================================
-- POPULANDO: TB_CHRONOS_NODE (6 Registros)
-- POR QUE: Define as estações fixas e satélites de roteamento terrestres e lunares.
-- =============================================================================

-- Por que: Houston representa a estação central de controle da Terra (NCC).
INSERT INTO TB_CHRONOS_NODE (ID_NODE, NM_NODE, DS_LOCATION, ST_NODE)
VALUES (1, 'Houston Deep Space Station', 'Terra - Texas, EUA', 'ACTIVE');

-- Por que: Madrid representa a estação europeia de rádio para cobertura global na Terra.
INSERT INTO TB_CHRONOS_NODE (ID_NODE, NM_NODE, DS_LOCATION, ST_NODE)
VALUES (2, 'Madrid Deep Space Station', 'Terra - Espanha', 'ACTIVE');

-- Por que: Artemis Base Alpha é a colônia lunar principal no Polo Sul da Lua.
INSERT INTO TB_CHRONOS_NODE (ID_NODE, NM_NODE, DS_LOCATION, ST_NODE)
VALUES (3, 'Artemis Base Alpha', 'Lua - Cratera Shackleton', 'ACTIVE');

-- Por que: Base Copernicus é uma colônia lunar secundária focada em mineração de Hélio-3.
INSERT INTO TB_CHRONOS_NODE (ID_NODE, NM_NODE, DS_LOCATION, ST_NODE)
VALUES (4, 'Copernicus Mining Outpost', 'Lua - Mar de Copérnico', 'DEGRADED');

-- Por que: Lunar Relay Satellite A é um satélite Lunanet em órbita lunar baixa para retransmissão de sinal.
INSERT INTO TB_CHRONOS_NODE (ID_NODE, NM_NODE, DS_LOCATION, ST_NODE)
VALUES (5, 'Lunar Relay Satellite A', 'Órbita Lunar - LLO', 'ACTIVE');

-- Por que: Lunar Relay Satellite B é o satélite reserva para cobrir o lado oculto da Lua.
INSERT INTO TB_CHRONOS_NODE (ID_NODE, NM_NODE, DS_LOCATION, ST_NODE)
VALUES (6, 'Lunar Relay Satellite B', 'Órbita Lunar - LLO', 'INACTIVE');


-- =============================================================================
-- POPULANDO: TB_CHRONOS_LINK (10 Registros)
-- POR QUE: Cria o Contact Plan de enlaces espaciais com latências físicas e bandas de rádio.
-- =============================================================================

-- Por que: Enlace direto da Terra (Houston) para o satélite de órbita lunar A. Latência de 1.25s. Janela ativa.
INSERT INTO TB_CHRONOS_LINK (ID_LINK, ID_NODE_SOURCE, ID_NODE_DEST, DT_START, DT_END, VL_BANDWIDTH_KBPS, VL_LATENCY_SECONDS, ST_LINK)
VALUES (1, 1, 5, TO_TIMESTAMP('2026-05-28 12:00:00', 'YYYY-MM-DD HH24:MI:SS'), TO_TIMESTAMP('2026-05-28 18:00:00', 'YYYY-MM-DD HH24:MI:SS'), 10240.00, 1.250, 'UP');

-- Por que: Enlace de volta do satélite de órbita A para Houston. Janela ativa.
INSERT INTO TB_CHRONOS_LINK (ID_LINK, ID_NODE_SOURCE, ID_NODE_DEST, DT_START, DT_END, VL_BANDWIDTH_KBPS, VL_LATENCY_SECONDS, ST_LINK)
VALUES (2, 5, 1, TO_TIMESTAMP('2026-05-28 12:00:00', 'YYYY-MM-DD HH24:MI:SS'), TO_TIMESTAMP('2026-05-28 18:00:00', 'YYYY-MM-DD HH24:MI:SS'), 10240.00, 1.250, 'UP');

-- Por que: Conexão direta de rádio de curto alcance entre o satélite A e a Artemis Base Alpha na superfície da Lua. Latência desprezível (0.005s). Janela ativa.
INSERT INTO TB_CHRONOS_LINK (ID_LINK, ID_NODE_SOURCE, ID_NODE_DEST, DT_START, DT_END, VL_BANDWIDTH_KBPS, VL_LATENCY_SECONDS, ST_LINK)
VALUES (3, 5, 3, TO_TIMESTAMP('2026-05-28 12:00:00', 'YYYY-MM-DD HH24:MI:SS'), TO_TIMESTAMP('2026-05-28 20:00:00', 'YYYY-MM-DD HH24:MI:SS'), 40960.00, 0.005, 'UP');

-- Por que: Conexão reversa Artemis Base para o satélite A. Janela ativa.
INSERT INTO TB_CHRONOS_LINK (ID_LINK, ID_NODE_SOURCE, ID_NODE_DEST, DT_START, DT_END, VL_BANDWIDTH_KBPS, VL_LATENCY_SECONDS, ST_LINK)
VALUES (4, 3, 5, TO_TIMESTAMP('2026-05-28 12:00:00', 'YYYY-MM-DD HH24:MI:SS'), TO_TIMESTAMP('2026-05-28 20:00:00', 'YYYY-MM-DD HH24:MI:SS'), 40960.00, 0.005, 'UP');

-- Por que: Enlace alternativo entre Madrid Deep Space Station e o satélite A. Janela programada futuramente.
INSERT INTO TB_CHRONOS_LINK (ID_LINK, ID_NODE_SOURCE, ID_NODE_DEST, DT_START, DT_END, VL_BANDWIDTH_KBPS, VL_LATENCY_SECONDS, ST_LINK)
VALUES (5, 2, 5, TO_TIMESTAMP('2026-05-28 19:00:00', 'YYYY-MM-DD HH24:MI:SS'), TO_TIMESTAMP('2026-05-28 23:59:59', 'YYYY-MM-DD HH24:MI:SS'), 5120.00, 1.270, 'SCHEDULED');

-- Por que: Enlace do satélite A com Copernicus Outpost na superfície lunar. Banda baixa devido à antena degradada de Copernicus. Janela ativa.
INSERT INTO TB_CHRONOS_LINK (ID_LINK, ID_NODE_SOURCE, ID_NODE_DEST, DT_START, DT_END, VL_BANDWIDTH_KBPS, VL_LATENCY_SECONDS, ST_LINK)
VALUES (6, 5, 4, TO_TIMESTAMP('2026-05-28 10:00:00', 'YYYY-MM-DD HH24:MI:SS'), TO_TIMESTAMP('2026-05-28 15:00:00', 'YYYY-MM-DD HH24:MI:SS'), 512.00, 0.010, 'DOWN');

-- Por que: Link de comunicação direta entre as duas bases lunares de superfície (Shackleton e Copernicus). Rádio UHF. Janela ativa.
INSERT INTO TB_CHRONOS_LINK (ID_LINK, ID_NODE_SOURCE, ID_NODE_DEST, DT_START, DT_END, VL_BANDWIDTH_KBPS, VL_LATENCY_SECONDS, ST_LINK)
VALUES (7, 3, 4, TO_TIMESTAMP('2026-05-28 00:00:00', 'YYYY-MM-DD HH24:MI:SS'), TO_TIMESTAMP('2026-05-28 23:59:59', 'YYYY-MM-DD HH24:MI:SS'), 2048.00, 0.002, 'UP');

-- Por que: Link reverso direto na superfície da Lua entre as duas colônias. Janela ativa.
INSERT INTO TB_CHRONOS_LINK (ID_LINK, ID_NODE_SOURCE, ID_NODE_DEST, DT_START, DT_END, VL_BANDWIDTH_KBPS, VL_LATENCY_SECONDS, ST_LINK)
VALUES (8, 4, 3, TO_TIMESTAMP('2026-05-28 00:00:00', 'YYYY-MM-DD HH24:MI:SS'), TO_TIMESTAMP('2026-05-28 23:59:59', 'YYYY-MM-DD HH24:MI:SS'), 2048.00, 0.002, 'UP');

-- Por que: Enlace com satélite B (reserva inativo). Status DOWN.
INSERT INTO TB_CHRONOS_LINK (ID_LINK, ID_NODE_SOURCE, ID_NODE_DEST, DT_START, DT_END, VL_BANDWIDTH_KBPS, VL_LATENCY_SECONDS, ST_LINK)
VALUES (9, 1, 6, TO_TIMESTAMP('2026-05-28 00:00:00', 'YYYY-MM-DD HH24:MI:SS'), TO_TIMESTAMP('2026-05-28 23:59:59', 'YYYY-MM-DD HH24:MI:SS'), 10240.00, 1.250, 'DOWN');

-- Por que: Enlace do satélite B com Artemis Base. Status DOWN.
INSERT INTO TB_CHRONOS_LINK (ID_LINK, ID_NODE_SOURCE, ID_NODE_DEST, DT_START, DT_END, VL_BANDWIDTH_KBPS, VL_LATENCY_SECONDS, ST_LINK)
VALUES (10, 6, 3, TO_TIMESTAMP('2026-05-28 00:00:00', 'YYYY-MM-DD HH24:MI:SS'), TO_TIMESTAMP('2026-05-28 23:59:59', 'YYYY-MM-DD HH24:MI:SS'), 40960.00, 0.005, 'DOWN');


-- =============================================================================
-- POPULANDO: TB_CHRONOS_ACCOUNT (10 Registros)
-- POR QUE: Cria contas financeiras associadas aos nós para simulação bancária.
-- =============================================================================

-- Por que: Conta corporativa principal da NASA sediada em Houston. Moeda USD.
INSERT INTO TB_CHRONOS_ACCOUNT (ID_ACCOUNT, ID_NODE, NM_HOLDER, VL_BALANCE, NM_CURRENCY)
VALUES (1001, 1, 'NASA Corporate Fund', 50000000.00, 'USD');

-- Por que: Conta da Agência Espacial Europeia (ESA) sediada em Madrid. Moeda USD.
INSERT INTO TB_CHRONOS_ACCOUNT (ID_ACCOUNT, ID_NODE, NM_HOLDER, VL_BALANCE, NM_CURRENCY)
VALUES (1002, 2, 'ESA Treasury Account', 35000000.00, 'USD');

-- Por que: Conta operacional da Artemis Base Alpha na Lua. Moeda LUN (Créditos Lunares).
INSERT INTO TB_CHRONOS_ACCOUNT (ID_ACCOUNT, ID_NODE, NM_HOLDER, VL_BALANCE, NM_CURRENCY)
VALUES (1003, 3, 'Artemis Logistics & Supplies', 250000.00, 'LUN');

-- Por que: Conta da mineradora Shackleton Energy na Artemis Base Alpha. Saldo robusto em LUN.
INSERT INTO TB_CHRONOS_ACCOUNT (ID_ACCOUNT, ID_NODE, NM_HOLDER, VL_BALANCE, NM_CURRENCY)
VALUES (1004, 3, 'Shackleton Energy Corp', 1850000.00, 'LUN');

-- Por que: Conta da Copernicus Mining Outpost na Lua. Pouco saldo em LUN devido a problemas operacionais.
INSERT INTO TB_CHRONOS_ACCOUNT (ID_ACCOUNT, ID_NODE, NM_HOLDER, VL_BALANCE, NM_CURRENCY)
VALUES (1005, 4, 'Helium-3 Copernicus Consortium', 12000.00, 'LUN');

-- Por que: Conta de suprimentos civis na Artemis Base Alpha. Moeda LUN.
INSERT INTO TB_CHRONOS_ACCOUNT (ID_ACCOUNT, ID_NODE, NM_HOLDER, VL_BALANCE, NM_CURRENCY)
VALUES (1006, 3, 'Artemis Habitation LifeSupport', 450000.00, 'LUN');

-- Por que: Conta de contratante aeroespacial SpaceX sediada em Houston. Moeda USD.
INSERT INTO TB_CHRONOS_ACCOUNT (ID_ACCOUNT, ID_NODE, NM_HOLDER, VL_BALANCE, NM_CURRENCY)
VALUES (1007, 1, 'SpaceX DeepSpace Division', 15000000.00, 'USD');

-- Por que: Conta de contratante Blue Origin sediada em Houston. Moeda USD.
INSERT INTO TB_CHRONOS_ACCOUNT (ID_ACCOUNT, ID_NODE, NM_HOLDER, VL_BALANCE, NM_CURRENCY)
VALUES (1008, 1, 'Blue Origin Lunar Systems', 8000000.00, 'USD');

-- Por que: Conta de consórcio científico internacional em Copernicus. Moeda LUN.
INSERT INTO TB_CHRONOS_ACCOUNT (ID_ACCOUNT, ID_NODE, NM_HOLDER, VL_BALANCE, NM_CURRENCY)
VALUES (1009, 4, 'Copernicus Science Lab', 75000.00, 'LUN');

-- Por que: Conta comercial da Lunar Duty Free Store em Artemis Base. Moeda LUN.
INSERT INTO TB_CHRONOS_ACCOUNT (ID_ACCOUNT, ID_NODE, NM_HOLDER, VL_BALANCE, NM_CURRENCY)
VALUES (1010, 3, 'Lunar Retail Ventures Ltd', 98000.00, 'LUN');


-- =============================================================================
-- POPULANDO: TB_CHRONOS_BUNDLE (25 Registros) e TB_CHRONOS_TRANSACTION (25 Registros)
-- POR QUE: Simula o tráfego de bundles DTN contendo transações financeiras. 
-- Inserimos em pares correlacionados para garantir consistência referencial.
-- =============================================================================

-- Par 1: Transação de investimento da NASA para Shackleton Energy na Lua. Prioridade Alta. Status: Entregue.
INSERT INTO TB_CHRONOS_BUNDLE (ID_BUNDLE, ID_NODE_SOURCE, ID_NODE_DEST, TX_PAYLOAD, TX_HASH, NR_PRIORITY, ST_TRANSMISSION, DT_CREATED, DT_EXPIRY)
VALUES (1, 1, 3, '{"tx_id": 9001, "amount": 50000.00, "from": 1001, "to": 1004}', 'a4f5b892c738e82a839fde91e847c210abef506927361abde73c829cbf910ab3', 2, 'DELIVERED', TO_TIMESTAMP('2026-05-28 12:05:00', 'YYYY-MM-DD HH24:MI:SS'), TO_TIMESTAMP('2026-05-28 20:05:00', 'YYYY-MM-DD HH24:MI:SS'));
INSERT INTO TB_CHRONOS_TRANSACTION (ID_TRANSACTION, ID_BUNDLE, ID_ACCOUNT_SOURCE, ID_ACCOUNT_DEST, VL_AMOUNT, DT_TRANSACTION, ST_SETTLEMENT)
VALUES (9001, 1, 1001, 1004, 50000.00, TO_TIMESTAMP('2026-05-28 12:05:01', 'YYYY-MM-DD HH24:MI:SS'), 'SETTLED');

-- Par 2: Transferência operacional da ESA para Artemis Logistics. Prioridade Média. Status: Entregue.
INSERT INTO TB_CHRONOS_BUNDLE (ID_BUNDLE, ID_NODE_SOURCE, ID_NODE_DEST, TX_PAYLOAD, TX_HASH, NR_PRIORITY, ST_TRANSMISSION, DT_CREATED, DT_EXPIRY)
VALUES (2, 2, 3, '{"tx_id": 9002, "amount": 120000.00, "from": 1002, "to": 1003}', 'bc88f28abde17e810aeef902b8dff28e83319082a938cbeee83ab462bfef1203', 1, 'DELIVERED', TO_TIMESTAMP('2026-05-28 12:10:00', 'YYYY-MM-DD HH24:MI:SS'), TO_TIMESTAMP('2026-05-28 20:10:00', 'YYYY-MM-DD HH24:MI:SS'));
INSERT INTO TB_CHRONOS_TRANSACTION (ID_TRANSACTION, ID_BUNDLE, ID_ACCOUNT_SOURCE, ID_ACCOUNT_DEST, VL_AMOUNT, DT_TRANSACTION, ST_SETTLEMENT)
VALUES (9002, 2, 1002, 1003, 120000.00, TO_TIMESTAMP('2026-05-28 12:10:02', 'YYYY-MM-DD HH24:MI:SS'), 'SETTLED');

-- Par 3: Pagamento de Mineração Lunar de Shackleton para Copernicus Outpost. Feito localmente na Lua. Status: Entregue.
INSERT INTO TB_CHRONOS_BUNDLE (ID_BUNDLE, ID_NODE_SOURCE, ID_NODE_DEST, TX_PAYLOAD, TX_HASH, NR_PRIORITY, ST_TRANSMISSION, DT_CREATED, DT_EXPIRY)
VALUES (3, 3, 4, '{"tx_id": 9003, "amount": 25000.00, "from": 1004, "to": 1005}', 'c3b528aefd8392a831eef982cbe10abef50284ab9c73bdfde73111283c7490ab', 1, 'DELIVERED', TO_TIMESTAMP('2026-05-28 12:15:00', 'YYYY-MM-DD HH24:MI:SS'), TO_TIMESTAMP('2026-05-28 16:15:00', 'YYYY-MM-DD HH24:MI:SS'));
INSERT INTO TB_CHRONOS_TRANSACTION (ID_TRANSACTION, ID_BUNDLE, ID_ACCOUNT_SOURCE, ID_ACCOUNT_DEST, VL_AMOUNT, DT_TRANSACTION, ST_SETTLEMENT)
VALUES (9003, 3, 1004, 1005, 25000.00, TO_TIMESTAMP('2026-05-28 12:15:00', 'YYYY-MM-DD HH24:MI:SS'), 'SETTLED');

-- Par 4: Pagamento da SpaceX para Shackleton Energy por oxigênio lunar. Transação pendente no buffer de Houston aguardando link. Status: Bufferizado.
INSERT INTO TB_CHRONOS_BUNDLE (ID_BUNDLE, ID_NODE_SOURCE, ID_NODE_DEST, TX_PAYLOAD, TX_HASH, NR_PRIORITY, ST_TRANSMISSION, DT_CREATED, DT_EXPIRY)
VALUES (4, 1, 3, '{"tx_id": 9004, "amount": 450000.00, "from": 1007, "to": 1004}', 'd4b5fef2e83120abfec39e831128ae302bcf928abfeee911abfbe839de8b7102', 2, 'BUFFERED', TO_TIMESTAMP('2026-05-28 17:00:00', 'YYYY-MM-DD HH24:MI:SS'), TO_TIMESTAMP('2026-05-29 01:00:00', 'YYYY-MM-DD HH24:MI:SS'));
INSERT INTO TB_CHRONOS_TRANSACTION (ID_TRANSACTION, ID_BUNDLE, ID_ACCOUNT_SOURCE, ID_ACCOUNT_DEST, VL_AMOUNT, DT_TRANSACTION, ST_SETTLEMENT)
VALUES (9004, 4, 1007, 1004, 450000.00, TO_TIMESTAMP('2026-05-28 17:00:00', 'YYYY-MM-DD HH24:MI:SS'), 'PENDING');

-- Par 5: Pagamento de Blue Origin para Artemis Logistics por aluguel de doca de pouso. Status: Bufferizado.
INSERT INTO TB_CHRONOS_BUNDLE (ID_BUNDLE, ID_NODE_SOURCE, ID_NODE_DEST, TX_PAYLOAD, TX_HASH, NR_PRIORITY, ST_TRANSMISSION, DT_CREATED, DT_EXPIRY)
VALUES (5, 1, 3, '{"tx_id": 9005, "amount": 150000.00, "from": 1008, "to": 1003}', 'ee882a9cfdb83921abcff982bef90abef50284ab9c73bdfde73111283c749ab1', 1, 'BUFFERED', TO_TIMESTAMP('2026-05-28 17:01:00', 'YYYY-MM-DD HH24:MI:SS'), TO_TIMESTAMP('2026-05-29 01:01:00', 'YYYY-MM-DD HH24:MI:SS'));
INSERT INTO TB_CHRONOS_TRANSACTION (ID_TRANSACTION, ID_BUNDLE, ID_ACCOUNT_SOURCE, ID_ACCOUNT_DEST, VL_AMOUNT, DT_TRANSACTION, ST_SETTLEMENT)
VALUES (9005, 5, 1008, 1003, 150000.00, TO_TIMESTAMP('2026-05-28 17:01:00', 'YYYY-MM-DD HH24:MI:SS'), 'PENDING');

-- Par 6: Transferência científica de Copernicus Lab para Artemis Logistics. Enlace lunar ativo. Status: Em trânsito.
INSERT INTO TB_CHRONOS_BUNDLE (ID_BUNDLE, ID_NODE_SOURCE, ID_NODE_DEST, TX_PAYLOAD, TX_HASH, NR_PRIORITY, ST_TRANSMISSION, DT_CREATED, DT_EXPIRY)
VALUES (6, 4, 3, '{"tx_id": 9006, "amount": 5000.00, "from": 1009, "to": 1003}', 'f2c73bb83aee9281a8bf92bdf0a3e9cbf910ab31e8cbe98cbe02abf92f91abc8', 0, 'IN_TRANSIT', TO_TIMESTAMP('2026-05-28 16:55:00', 'YYYY-MM-DD HH24:MI:SS'), TO_TIMESTAMP('2026-05-28 20:55:00', 'YYYY-MM-DD HH24:MI:SS'));
INSERT INTO TB_CHRONOS_TRANSACTION (ID_TRANSACTION, ID_BUNDLE, ID_ACCOUNT_SOURCE, ID_ACCOUNT_DEST, VL_AMOUNT, DT_TRANSACTION, ST_SETTLEMENT)
VALUES (9006, 6, 1009, 1003, 5000.00, TO_TIMESTAMP('2026-05-28 16:55:00', 'YYYY-MM-DD HH24:MI:SS'), 'PENDING');

-- Par 7: Compra de mantimentos por minerador individual em Artemis Duty Free. Status: Entregue.
INSERT INTO TB_CHRONOS_BUNDLE (ID_BUNDLE, ID_NODE_SOURCE, ID_NODE_DEST, TX_PAYLOAD, TX_HASH, NR_PRIORITY, ST_TRANSMISSION, DT_CREATED, DT_EXPIRY)
VALUES (7, 3, 3, '{"tx_id": 9007, "amount": 150.00, "from": 1003, "to": 1010}', '02abfc88e91acbefbcf83a2e92cbf319208abf20c91abfbe831eef982cbe39ab', 0, 'DELIVERED', TO_TIMESTAMP('2026-05-28 10:00:00', 'YYYY-MM-DD HH24:MI:SS'), TO_TIMESTAMP('2026-05-28 14:00:00', 'YYYY-MM-DD HH24:MI:SS'));
INSERT INTO TB_CHRONOS_TRANSACTION (ID_TRANSACTION, ID_BUNDLE, ID_ACCOUNT_SOURCE, ID_ACCOUNT_DEST, VL_AMOUNT, DT_TRANSACTION, ST_SETTLEMENT)
VALUES (9007, 7, 1003, 1010, 150.00, TO_TIMESTAMP('2026-05-28 10:00:05', 'YYYY-MM-DD HH24:MI:SS'), 'SETTLED');

-- Par 8: Taxa de rede cobrada da Shackleton pela Artemis Base Alpha. Status: Entregue.
INSERT INTO TB_CHRONOS_BUNDLE (ID_BUNDLE, ID_NODE_SOURCE, ID_NODE_DEST, TX_PAYLOAD, TX_HASH, NR_PRIORITY, ST_TRANSMISSION, DT_CREATED, DT_EXPIRY)
VALUES (8, 3, 3, '{"tx_id": 9008, "amount": 1200.00, "from": 1004, "to": 1003}', '12bcf928abfeee911abfbe839de8b710202abfc88e91acbefbcf83a2e92cbf31', 0, 'DELIVERED', TO_TIMESTAMP('2026-05-28 11:30:00', 'YYYY-MM-DD HH24:MI:SS'), TO_TIMESTAMP('2026-05-28 15:30:00', 'YYYY-MM-DD HH24:MI:SS'));
INSERT INTO TB_CHRONOS_TRANSACTION (ID_TRANSACTION, ID_BUNDLE, ID_ACCOUNT_SOURCE, ID_ACCOUNT_DEST, VL_AMOUNT, DT_TRANSACTION, ST_SETTLEMENT)
VALUES (9008, 8, 1004, 1003, 1200.00, TO_TIMESTAMP('2026-05-28 11:30:04', 'YYYY-MM-DD HH24:MI:SS'), 'SETTLED');

-- Par 9: Transação simulando retransmissão por perda de rádio (Rejeitada na primeira tentativa). Status: Rejeitada.
INSERT INTO TB_CHRONOS_BUNDLE (ID_BUNDLE, ID_NODE_SOURCE, ID_NODE_DEST, TX_PAYLOAD, TX_HASH, NR_PRIORITY, ST_TRANSMISSION, DT_CREATED, DT_EXPIRY)
VALUES (9, 4, 1, '{"tx_id": 9009, "amount": 8000.00, "from": 1005, "to": 1001}', '22cbf319208abf20c91abfbe831eef982cbe39ab12bcf928abfeee911abfbe83', 1, 'EXPIRED', TO_TIMESTAMP('2026-05-28 08:00:00', 'YYYY-MM-DD HH24:MI:SS'), TO_TIMESTAMP('2026-05-28 12:00:00', 'YYYY-MM-DD HH24:MI:SS'));
INSERT INTO TB_CHRONOS_TRANSACTION (ID_TRANSACTION, ID_BUNDLE, ID_ACCOUNT_SOURCE, ID_ACCOUNT_DEST, VL_AMOUNT, DT_TRANSACTION, ST_SETTLEMENT)
VALUES (9009, 9, 1005, 1001, 8000.00, TO_TIMESTAMP('2026-05-28 08:00:00', 'YYYY-MM-DD HH24:MI:SS'), 'REJECTED');

-- Par 10: Retransmissão bem-sucedida do pacote anterior com novo ID de bundle. Status: Entregue.
INSERT INTO TB_CHRONOS_BUNDLE (ID_BUNDLE, ID_NODE_SOURCE, ID_NODE_DEST, TX_PAYLOAD, TX_HASH, NR_PRIORITY, ST_TRANSMISSION, DT_CREATED, DT_EXPIRY)
VALUES (10, 4, 1, '{"tx_id": 9010, "amount": 8000.00, "from": 1005, "to": 1001}', '32eef982cbe39ab12bcf928abfeee911abfbe8302abfc88e91acbefbcf83a2e9', 1, 'DELIVERED', TO_TIMESTAMP('2026-05-28 12:30:00', 'YYYY-MM-DD HH24:MI:SS'), TO_TIMESTAMP('2026-05-28 18:30:00', 'YYYY-MM-DD HH24:MI:SS'));
INSERT INTO TB_CHRONOS_TRANSACTION (ID_TRANSACTION, ID_BUNDLE, ID_ACCOUNT_SOURCE, ID_ACCOUNT_DEST, VL_AMOUNT, DT_TRANSACTION, ST_SETTLEMENT)
VALUES (9010, 10, 1005, 1001, 8000.00, TO_TIMESTAMP('2026-05-28 12:30:10', 'YYYY-MM-DD HH24:MI:SS'), 'SETTLED');

-- Gerando mais registros para atingir a meta exigida (pares 11 a 25)
-- Par 11:
INSERT INTO TB_CHRONOS_BUNDLE (ID_BUNDLE, ID_NODE_SOURCE, ID_NODE_DEST, TX_PAYLOAD, TX_HASH, NR_PRIORITY, ST_TRANSMISSION, DT_CREATED, DT_EXPIRY)
VALUES (11, 1, 3, '{"tx_id": 9011, "amount": 350.00, "from": 1001, "to": 1003}', 'hash11', 0, 'DELIVERED', TO_TIMESTAMP('2026-05-28 13:00:00', 'YYYY-MM-DD HH24:MI:SS'), TO_TIMESTAMP('2026-05-28 21:00:00', 'YYYY-MM-DD HH24:MI:SS'));
INSERT INTO TB_CHRONOS_TRANSACTION (ID_TRANSACTION, ID_BUNDLE, ID_ACCOUNT_SOURCE, ID_ACCOUNT_DEST, VL_AMOUNT, DT_TRANSACTION, ST_SETTLEMENT)
VALUES (9011, 11, 1001, 1003, 350.00, TO_TIMESTAMP('2026-05-28 13:05:00', 'YYYY-MM-DD HH24:MI:SS'), 'SETTLED');

-- Par 12:
INSERT INTO TB_CHRONOS_BUNDLE (ID_BUNDLE, ID_NODE_SOURCE, ID_NODE_DEST, TX_PAYLOAD, TX_HASH, NR_PRIORITY, ST_TRANSMISSION, DT_CREATED, DT_EXPIRY)
VALUES (12, 1, 3, '{"tx_id": 9012, "amount": 10500.00, "from": 1001, "to": 1006}', 'hash12', 1, 'DELIVERED', TO_TIMESTAMP('2026-05-28 13:10:00', 'YYYY-MM-DD HH24:MI:SS'), TO_TIMESTAMP('2026-05-28 21:10:00', 'YYYY-MM-DD HH24:MI:SS'));
INSERT INTO TB_CHRONOS_TRANSACTION (ID_TRANSACTION, ID_BUNDLE, ID_ACCOUNT_SOURCE, ID_ACCOUNT_DEST, VL_AMOUNT, DT_TRANSACTION, ST_SETTLEMENT)
VALUES (9012, 12, 1001, 1006, 10500.00, TO_TIMESTAMP('2026-05-28 13:12:00', 'YYYY-MM-DD HH24:MI:SS'), 'SETTLED');

-- Par 13:
INSERT INTO TB_CHRONOS_BUNDLE (ID_BUNDLE, ID_NODE_SOURCE, ID_NODE_DEST, TX_PAYLOAD, TX_HASH, NR_PRIORITY, ST_TRANSMISSION, DT_CREATED, DT_EXPIRY)
VALUES (13, 2, 3, '{"tx_id": 9013, "amount": 8900.00, "from": 1002, "to": 1004}', 'hash13', 1, 'DELIVERED', TO_TIMESTAMP('2026-05-28 13:15:00', 'YYYY-MM-DD HH24:MI:SS'), TO_TIMESTAMP('2026-05-28 21:15:00', 'YYYY-MM-DD HH24:MI:SS'));
INSERT INTO TB_CHRONOS_TRANSACTION (ID_TRANSACTION, ID_BUNDLE, ID_ACCOUNT_SOURCE, ID_ACCOUNT_DEST, VL_AMOUNT, DT_TRANSACTION, ST_SETTLEMENT)
VALUES (9013, 13, 1002, 1004, 8900.00, TO_TIMESTAMP('2026-05-28 13:18:00', 'YYYY-MM-DD HH24:MI:SS'), 'SETTLED');

-- Par 14:
INSERT INTO TB_CHRONOS_BUNDLE (ID_BUNDLE, ID_NODE_SOURCE, ID_NODE_DEST, TX_PAYLOAD, TX_HASH, NR_PRIORITY, ST_TRANSMISSION, DT_CREATED, DT_EXPIRY)
VALUES (14, 3, 1, '{"tx_id": 9014, "amount": 4200.00, "from": 1004, "to": 1007}', 'hash14', 1, 'BUFFERED', TO_TIMESTAMP('2026-05-28 17:05:00', 'YYYY-MM-DD HH24:MI:SS'), TO_TIMESTAMP('2026-05-29 01:05:00', 'YYYY-MM-DD HH24:MI:SS'));
INSERT INTO TB_CHRONOS_TRANSACTION (ID_TRANSACTION, ID_BUNDLE, ID_ACCOUNT_SOURCE, ID_ACCOUNT_DEST, VL_AMOUNT, DT_TRANSACTION, ST_SETTLEMENT)
VALUES (9014, 14, 1004, 1007, 4200.00, TO_TIMESTAMP('2026-05-28 17:05:00', 'YYYY-MM-DD HH24:MI:SS'), 'PENDING');

-- Par 15:
INSERT INTO TB_CHRONOS_BUNDLE (ID_BUNDLE, ID_NODE_SOURCE, ID_NODE_DEST, TX_PAYLOAD, TX_HASH, NR_PRIORITY, ST_TRANSMISSION, DT_CREATED, DT_EXPIRY)
VALUES (15, 3, 1, '{"tx_id": 9015, "amount": 63000.00, "from": 1003, "to": 1001}', 'hash15', 2, 'BUFFERED', TO_TIMESTAMP('2026-05-28 17:10:00', 'YYYY-MM-DD HH24:MI:SS'), TO_TIMESTAMP('2026-05-29 01:10:00', 'YYYY-MM-DD HH24:MI:SS'));
INSERT INTO TB_CHRONOS_TRANSACTION (ID_TRANSACTION, ID_BUNDLE, ID_ACCOUNT_SOURCE, ID_ACCOUNT_DEST, VL_AMOUNT, DT_TRANSACTION, ST_SETTLEMENT)
VALUES (9015, 15, 1003, 1001, 63000.00, TO_TIMESTAMP('2026-05-28 17:10:00', 'YYYY-MM-DD HH24:MI:SS'), 'PENDING');

-- Par 16:
INSERT INTO TB_CHRONOS_BUNDLE (ID_BUNDLE, ID_NODE_SOURCE, ID_NODE_DEST, TX_PAYLOAD, TX_HASH, NR_PRIORITY, ST_TRANSMISSION, DT_CREATED, DT_EXPIRY)
VALUES (16, 4, 3, '{"tx_id": 9016, "amount": 1200.00, "from": 1005, "to": 1006}', 'hash16', 0, 'DELIVERED', TO_TIMESTAMP('2026-05-28 14:00:00', 'YYYY-MM-DD HH24:MI:SS'), TO_TIMESTAMP('2026-05-28 18:00:00', 'YYYY-MM-DD HH24:MI:SS'));
INSERT INTO TB_CHRONOS_TRANSACTION (ID_TRANSACTION, ID_BUNDLE, ID_ACCOUNT_SOURCE, ID_ACCOUNT_DEST, VL_AMOUNT, DT_TRANSACTION, ST_SETTLEMENT)
VALUES (9016, 16, 1005, 1006, 1200.00, TO_TIMESTAMP('2026-05-28 14:05:00', 'YYYY-MM-DD HH24:MI:SS'), 'SETTLED');

-- Par 17:
INSERT INTO TB_CHRONOS_BUNDLE (ID_BUNDLE, ID_NODE_SOURCE, ID_NODE_DEST, TX_PAYLOAD, TX_HASH, NR_PRIORITY, ST_TRANSMISSION, DT_CREATED, DT_EXPIRY)
VALUES (17, 3, 4, '{"tx_id": 9017, "amount": 400.00, "from": 1010, "to": 1009}', 'hash17', 0, 'DELIVERED', TO_TIMESTAMP('2026-05-28 14:15:00', 'YYYY-MM-DD HH24:MI:SS'), TO_TIMESTAMP('2026-05-28 18:15:00', 'YYYY-MM-DD HH24:MI:SS'));
INSERT INTO TB_CHRONOS_TRANSACTION (ID_TRANSACTION, ID_BUNDLE, ID_ACCOUNT_SOURCE, ID_ACCOUNT_DEST, VL_AMOUNT, DT_TRANSACTION, ST_SETTLEMENT)
VALUES (9017, 17, 1010, 1009, 400.00, TO_TIMESTAMP('2026-05-28 14:20:00', 'YYYY-MM-DD HH24:MI:SS'), 'SETTLED');

-- Par 18:
INSERT INTO TB_CHRONOS_BUNDLE (ID_BUNDLE, ID_NODE_SOURCE, ID_NODE_DEST, TX_PAYLOAD, TX_HASH, NR_PRIORITY, ST_TRANSMISSION, DT_CREATED, DT_EXPIRY)
VALUES (18, 1, 3, '{"tx_id": 9018, "amount": 250000.00, "from": 1007, "to": 1006}', 'hash18', 2, 'BUFFERED', TO_TIMESTAMP('2026-05-28 17:15:00', 'YYYY-MM-DD HH24:MI:SS'), TO_TIMESTAMP('2026-05-29 01:15:00', 'YYYY-MM-DD HH24:MI:SS'));
INSERT INTO TB_CHRONOS_TRANSACTION (ID_TRANSACTION, ID_BUNDLE, ID_ACCOUNT_SOURCE, ID_ACCOUNT_DEST, VL_AMOUNT, DT_TRANSACTION, ST_SETTLEMENT)
VALUES (9018, 18, 1007, 1006, 250000.00, TO_TIMESTAMP('2026-05-28 17:15:00', 'YYYY-MM-DD HH24:MI:SS'), 'PENDING');

-- Par 19:
INSERT INTO TB_CHRONOS_BUNDLE (ID_BUNDLE, ID_NODE_SOURCE, ID_NODE_DEST, TX_PAYLOAD, TX_HASH, NR_PRIORITY, ST_TRANSMISSION, DT_CREATED, DT_EXPIRY)
VALUES (19, 3, 1, '{"tx_id": 9019, "amount": 18500.00, "from": 1004, "to": 1002}', 'hash19', 1, 'BUFFERED', TO_TIMESTAMP('2026-05-28 17:20:00', 'YYYY-MM-DD HH24:MI:SS'), TO_TIMESTAMP('2026-05-29 01:20:00', 'YYYY-MM-DD HH24:MI:SS'));
INSERT INTO TB_CHRONOS_TRANSACTION (ID_TRANSACTION, ID_BUNDLE, ID_ACCOUNT_SOURCE, ID_ACCOUNT_DEST, VL_AMOUNT, DT_TRANSACTION, ST_SETTLEMENT)
VALUES (9019, 19, 1004, 1002, 18500.00, TO_TIMESTAMP('2026-05-28 17:20:00', 'YYYY-MM-DD HH24:MI:SS'), 'PENDING');

-- Par 20:
INSERT INTO TB_CHRONOS_BUNDLE (ID_BUNDLE, ID_NODE_SOURCE, ID_NODE_DEST, TX_PAYLOAD, TX_HASH, NR_PRIORITY, ST_TRANSMISSION, DT_CREATED, DT_EXPIRY)
VALUES (20, 3, 4, '{"tx_id": 9020, "amount": 900.00, "from": 1006, "to": 1005}', 'hash20', 0, 'DELIVERED', TO_TIMESTAMP('2026-05-28 15:00:00', 'YYYY-MM-DD HH24:MI:SS'), TO_TIMESTAMP('2026-05-28 19:00:00', 'YYYY-MM-DD HH24:MI:SS'));
INSERT INTO TB_CHRONOS_TRANSACTION (ID_TRANSACTION, ID_BUNDLE, ID_ACCOUNT_SOURCE, ID_ACCOUNT_DEST, VL_AMOUNT, DT_TRANSACTION, ST_SETTLEMENT)
VALUES (9020, 20, 1006, 1005, 900.00, TO_TIMESTAMP('2026-05-28 15:01:00', 'YYYY-MM-DD HH24:MI:SS'), 'SETTLED');

-- Par 21:
INSERT INTO TB_CHRONOS_BUNDLE (ID_BUNDLE, ID_NODE_SOURCE, ID_NODE_DEST, TX_PAYLOAD, TX_HASH, NR_PRIORITY, ST_TRANSMISSION, DT_CREATED, DT_EXPIRY)
VALUES (21, 1, 3, '{"tx_id": 9021, "amount": 1500.00, "from": 1001, "to": 1010}', 'hash21', 0, 'DELIVERED', TO_TIMESTAMP('2026-05-28 15:10:00', 'YYYY-MM-DD HH24:MI:SS'), TO_TIMESTAMP('2026-05-28 23:10:00', 'YYYY-MM-DD HH24:MI:SS'));
INSERT INTO TB_CHRONOS_TRANSACTION (ID_TRANSACTION, ID_BUNDLE, ID_ACCOUNT_SOURCE, ID_ACCOUNT_DEST, VL_AMOUNT, DT_TRANSACTION, ST_SETTLEMENT)
VALUES (9021, 21, 1001, 1010, 1500.00, TO_TIMESTAMP('2026-05-28 15:12:00', 'YYYY-MM-DD HH24:MI:SS'), 'SETTLED');

-- Par 22:
INSERT INTO TB_CHRONOS_BUNDLE (ID_BUNDLE, ID_NODE_SOURCE, ID_NODE_DEST, TX_PAYLOAD, TX_HASH, NR_PRIORITY, ST_TRANSMISSION, DT_CREATED, DT_EXPIRY)
VALUES (22, 3, 1, '{"tx_id": 9022, "amount": 75000.00, "from": 1010, "to": 1008}', 'hash22', 2, 'BUFFERED', TO_TIMESTAMP('2026-05-28 17:25:00', 'YYYY-MM-DD HH24:MI:SS'), TO_TIMESTAMP('2026-05-29 01:25:00', 'YYYY-MM-DD HH24:MI:SS'));
INSERT INTO TB_CHRONOS_TRANSACTION (ID_TRANSACTION, ID_BUNDLE, ID_ACCOUNT_SOURCE, ID_ACCOUNT_DEST, VL_AMOUNT, DT_TRANSACTION, ST_SETTLEMENT)
VALUES (9022, 22, 1010, 1008, 75000.00, TO_TIMESTAMP('2026-05-28 17:25:00', 'YYYY-MM-DD HH24:MI:SS'), 'PENDING');

-- Par 23:
INSERT INTO TB_CHRONOS_BUNDLE (ID_BUNDLE, ID_NODE_SOURCE, ID_NODE_DEST, TX_PAYLOAD, TX_HASH, NR_PRIORITY, ST_TRANSMISSION, DT_CREATED, DT_EXPIRY)
VALUES (23, 4, 3, '{"tx_id": 9023, "amount": 1100.00, "from": 1009, "to": 1004}', 'hash23', 0, 'DELIVERED', TO_TIMESTAMP('2026-05-28 15:30:00', 'YYYY-MM-DD HH24:MI:SS'), TO_TIMESTAMP('2026-05-28 19:30:00', 'YYYY-MM-DD HH24:MI:SS'));
INSERT INTO TB_CHRONOS_TRANSACTION (ID_TRANSACTION, ID_BUNDLE, ID_ACCOUNT_SOURCE, ID_ACCOUNT_DEST, VL_AMOUNT, DT_TRANSACTION, ST_SETTLEMENT)
VALUES (9023, 23, 1009, 1004, 1100.00, TO_TIMESTAMP('2026-05-28 15:35:00', 'YYYY-MM-DD HH24:MI:SS'), 'SETTLED');

-- Par 24:
INSERT INTO TB_CHRONOS_BUNDLE (ID_BUNDLE, ID_NODE_SOURCE, ID_NODE_DEST, TX_PAYLOAD, TX_HASH, NR_PRIORITY, ST_TRANSMISSION, DT_CREATED, DT_EXPIRY)
VALUES (24, 1, 3, '{"tx_id": 9024, "amount": 95000.00, "from": 1007, "to": 1004}', 'hash24', 1, 'BUFFERED', TO_TIMESTAMP('2026-05-28 17:30:00', 'YYYY-MM-DD HH24:MI:SS'), TO_TIMESTAMP('2026-05-29 01:30:00', 'YYYY-MM-DD HH24:MI:SS'));
INSERT INTO TB_CHRONOS_TRANSACTION (ID_TRANSACTION, ID_BUNDLE, ID_ACCOUNT_SOURCE, ID_ACCOUNT_DEST, VL_AMOUNT, DT_TRANSACTION, ST_SETTLEMENT)
VALUES (9024, 24, 1007, 1004, 95000.00, TO_TIMESTAMP('2026-05-28 17:30:00', 'YYYY-MM-DD HH24:MI:SS'), 'PENDING');

-- Par 25:
INSERT INTO TB_CHRONOS_BUNDLE (ID_BUNDLE, ID_NODE_SOURCE, ID_NODE_DEST, TX_PAYLOAD, TX_HASH, NR_PRIORITY, ST_TRANSMISSION, DT_CREATED, DT_EXPIRY)
VALUES (25, 3, 1, '{"tx_id": 9025, "amount": 32000.00, "from": 1006, "to": 1002}', 'hash25', 1, 'BUFFERED', TO_TIMESTAMP('2026-05-28 17:35:00', 'YYYY-MM-DD HH24:MI:SS'), TO_TIMESTAMP('2026-05-29 01:35:00', 'YYYY-MM-DD HH24:MI:SS'));
INSERT INTO TB_CHRONOS_TRANSACTION (ID_TRANSACTION, ID_BUNDLE, ID_ACCOUNT_SOURCE, ID_ACCOUNT_DEST, VL_AMOUNT, DT_TRANSACTION, ST_SETTLEMENT)
VALUES (9025, 25, 1006, 1002, 32000.00, TO_TIMESTAMP('2026-05-28 17:35:00', 'YYYY-MM-DD HH24:MI:SS'), 'PENDING');


-- =============================================================================
-- POPULANDO: TB_CHRONOS_SYNC_LOG (10 Registros)
-- POR QUE: Auditabilidade histórica de sincronizações e transmissões físicas de rede.
-- =============================================================================

-- Por que: Auditoria de sinc no Link 1. Sucesso. 5 bundles transmitidos sem erros.
INSERT INTO TB_CHRONOS_SYNC_LOG (ID_LOG, ID_LINK, DT_SYNC, QT_BUNDLES_SENT, QT_ERRORS, ST_SYNC)
VALUES (5001, 1, TO_TIMESTAMP('2026-05-28 13:00:00', 'YYYY-MM-DD HH24:MI:SS'), 5, 0, 'SUCCESS');

-- Por que: Auditoria de sinc no Link 2. Parcial. 4 bundles transmitidos, 1 erro temporário de rádio.
INSERT INTO TB_CHRONOS_SYNC_LOG (ID_LOG, ID_LINK, DT_SYNC, QT_BUNDLES_SENT, QT_ERRORS, ST_SYNC)
VALUES (5002, 2, TO_TIMESTAMP('2026-05-28 13:10:00', 'YYYY-MM-DD HH24:MI:SS'), 4, 1, 'PARTIAL');

-- Por que: Sincronia de superfície Link 3. Sucesso. 12 bundles locais.
INSERT INTO TB_CHRONOS_SYNC_LOG (ID_LOG, ID_LINK, DT_SYNC, QT_BUNDLES_SENT, QT_ERRORS, ST_SYNC)
VALUES (5003, 3, TO_TIMESTAMP('2026-05-28 14:00:00', 'YYYY-MM-DD HH24:MI:SS'), 12, 0, 'SUCCESS');

-- Por que: Sincronia de superfície Link 4. Sucesso. 8 bundles locais.
INSERT INTO TB_CHRONOS_SYNC_LOG (ID_LOG, ID_LINK, DT_SYNC, QT_BUNDLES_SENT, QT_ERRORS, ST_SYNC)
VALUES (5004, 4, TO_TIMESTAMP('2026-05-28 14:05:00', 'YYYY-MM-DD HH24:MI:SS'), 8, 0, 'SUCCESS');

-- Por que: Tentativa no Link 6 (Copernicus degradada). Falha total devido ao sinal inativo.
INSERT INTO TB_CHRONOS_SYNC_LOG (ID_LOG, ID_LINK, DT_SYNC, QT_BUNDLES_SENT, QT_ERRORS, ST_SYNC)
VALUES (5005, 6, TO_TIMESTAMP('2026-05-28 10:30:00', 'YYYY-MM-DD HH24:MI:SS'), 0, 3, 'FAILED');

-- Por que: Sincronia entre colônias Link 7. Sucesso. 6 bundles.
INSERT INTO TB_CHRONOS_SYNC_LOG (ID_LOG, ID_LINK, DT_SYNC, QT_BUNDLES_SENT, QT_ERRORS, ST_SYNC)
VALUES (5006, 7, TO_TIMESTAMP('2026-05-28 15:00:00', 'YYYY-MM-DD HH24:MI:SS'), 6, 0, 'SUCCESS');

-- Por que: Sincronia entre colônias Link 8. Sucesso. 4 bundles.
INSERT INTO TB_CHRONOS_SYNC_LOG (ID_LOG, ID_LINK, DT_SYNC, QT_BUNDLES_SENT, QT_ERRORS, ST_SYNC)
VALUES (5007, 8, TO_TIMESTAMP('2026-05-28 15:05:00', 'YYYY-MM-DD HH24:MI:SS'), 4, 0, 'SUCCESS');

-- Por que: Auditoria de sinc posterior no Link 1. Sucesso. 8 bundles.
INSERT INTO TB_CHRONOS_SYNC_LOG (ID_LOG, ID_LINK, DT_SYNC, QT_BUNDLES_SENT, QT_ERRORS, ST_SYNC)
VALUES (5008, 1, TO_TIMESTAMP('2026-05-28 15:00:00', 'YYYY-MM-DD HH24:MI:SS'), 8, 0, 'SUCCESS');

-- Por que: Auditoria de sinc posterior no Link 2. Sucesso. 6 bundles.
INSERT INTO TB_CHRONOS_SYNC_LOG (ID_LOG, ID_LINK, DT_SYNC, QT_BUNDLES_SENT, QT_ERRORS, ST_SYNC)
VALUES (5009, 2, TO_TIMESTAMP('2026-05-28 15:10:00', 'YYYY-MM-DD HH24:MI:SS'), 6, 0, 'SUCCESS');

-- Por que: Nova tentativa no Link 6 que falhou anteriormente. Parcial, conseguiu passar 2 bundles.
INSERT INTO TB_CHRONOS_SYNC_LOG (ID_LOG, ID_LINK, DT_SYNC, QT_BUNDLES_SENT, QT_ERRORS, ST_SYNC)
VALUES (5010, 6, TO_TIMESTAMP('2026-05-28 12:00:00', 'YYYY-MM-DD HH24:MI:SS'), 2, 2, 'PARTIAL');

-- Confirmação da gravação de todas as transações mocks no banco
COMMIT;
